6Y2E.A25A_min.log,479,-5491.09,0.0062
6Y2E.A25C_min.log,491,-5491.1,0.018
6Y2E.A25D_min.log,446,-5490.38,0.7003
6Y2E.A25E_min.log,447,-5492.59,1.5078
6Y2E.A25F_min.log,472,-5489.36,1.7207
6Y2E.A25G_min.log,484,-5490.28,0.7992
6Y2E.A25H_min.log,470,-5491.6,0.5206
6Y2E.A25I_min.log,488,-5490.3,0.7872
6Y2E.A25K_min.log,450,-5493.39,2.3113
6Y2E.A25L_min.log,496,-5490.21,0.8696
6Y2E.A25M_min.log,469,-5491.4,0.3208
6Y2E.A25N_min.log,418,-5490.05,1.0288
6Y2E.A25P_min.log,499,-5480.03,11.0497
6Y2E.A25Q_min.log,431,-5489.65,1.4369
6Y2E.A25R_min.log,301,-5492.18,1.0958
6Y2E.A25S_min.log,499,-5490.84,0.2395
6Y2E.A25V_min.log,470,-5492.88,1.7969
6Y2E.A25W_min.log,490,-5490.08,0.9994
6Y2E.A25Y_min.log,495,-5462.89,28.1978
6Y2E.A26A_min.log,498,-5437.69,53.3921
6Y2E.A26C_min.log,497,-5428.4,62.6869
6Y2E.A26D_min.log,415,-5491.77,0.6902
6Y2E.A26E_min.log,484,-5489.64,1.4449
6Y2E.A26F_min.log,498,-5478.9,12.1812
6Y2E.A26G_min.log,497,-5491.8,0.7205
6Y2E.A26H_min.log,497,-5441.56,49.5191
6Y2E.A26I_min.log,483,-5490.95,0.1335
6Y2E.A26K_min.log,467,-5491.79,0.7084
6Y2E.A26L_min.log,485,-5490.92,0.1669
6Y2E.A26M_min.log,497,-5436.62,54.463
6Y2E.A26N_min.log,440,-5491.8,0.7156
6Y2E.A26P_min.log,496,-5491.3,0.2149
6Y2E.A26Q_min.log,455,-5490.91,0.1709
6Y2E.A26R_min.log,324,-5490.73,0.3555
6Y2E.A26S_min.log,499,-5424.97,66.1178
6Y2E.A26V_min.log,474,-5490.87,0.2179
6Y2E.A26W_min.log,458,-5491.42,0.3404
6Y2E.A26Y_min.log,495,-5450.4,40.6856
6Y2E.A27A_min.log,498,-5434.83,56.2515
6Y2E.A27C_min.log,499,-5436.23,54.857
6Y2E.A27D_min.log,489,-5490.17,0.9103
6Y2E.A27E_min.log,497,-5472.38,18.7054
6Y2E.A27F_min.log,451,-5491.13,0.0451
6Y2E.A27G_min.log,499,-5437.27,53.8122
6Y2E.A27H_min.log,438,-5490.55,0.5344
6Y2E.A27I_min.log,498,-5430.45,60.6354
6Y2E.A27K_min.log,496,-5485.02,6.0662
6Y2E.A27M_min.log,498,-5448.16,42.9265
6Y2E.A27N_min.log,485,-5491.31,0.2309
6Y2E.A27P_min.log,493,-5492.03,0.9484
6Y2E.A27Q_min.log,495,-5479.59,11.4897
6Y2E.A27R_min.log,270,-5491.47,0.3897
6Y2E.A27S_min.log,479,-5490.27,0.8121
6Y2E.A27T_min.log,485,-5491.15,0.0667
6Y2E.A27V_min.log,499,-5440.52,50.568
6Y2E.A27W_min.log,476,-5490.74,0.3463
6Y2E.A27Y_min.log,440,-5491.19,0.1082
6Y2E.A28A_min.log,498,-5357.89,133.189
6Y2E.A28C_min.log,499,-5368.42,122.662
6Y2E.A28D_min.log,498,-5450.55,40.5303
6Y2E.A28E_min.log,499,-5485.71,5.3769
6Y2E.A28F_min.log,499,-5411.33,79.7567
6Y2E.A28G_min.log,499,-5363.77,127.313
6Y2E.A28H_min.log,497,-5445.85,45.2307
6Y2E.A28I_min.log,498,-5440.23,50.8581
6Y2E.A28K_min.log,499,-5420.52,70.5622
6Y2E.A28L_min.log,499,-5457.11,33.9729
6Y2E.A28M_min.log,499,-5465.73,25.356
6Y2E.A28P_min.log,496,-5419.4,71.6846
6Y2E.A28Q_min.log,499,-5425.04,66.0468
6Y2E.A28R_min.log,380,-5490.47,0.6178
6Y2E.A28S_min.log,499,-5365.68,125.404
6Y2E.A28T_min.log,499,-5461.15,29.9338
6Y2E.A28V_min.log,498,-5444.76,46.3182
6Y2E.A28W_min.log,499,-5355.19,135.891
6Y2E.A28Y_min.log,499,-5437.58,53.5027
6Y2E.A29A_min.log,499,-5435.2,55.8859
6Y2E.A29C_min.log,498,-5416.71,74.3731
6Y2E.A29D_min.log,432,-5493.14,2.0559
6Y2E.A29E_min.log,483,-5491.3,0.2217
6Y2E.A29F_min.log,497,-5448.73,42.3518
6Y2E.A29H_min.log,497,-5477.75,13.3345
6Y2E.A29I_min.log,498,-5461.76,29.3185
6Y2E.A29K_min.log,468,-5490.23,0.8534
6Y2E.A29L_min.log,499,-5490.07,1.0178
6Y2E.A29M_min.log,498,-5482.36,8.7196
6Y2E.A29N_min.log,446,-5491.05,0.0345
6Y2E.A29P_min.log,498,-5431.18,59.9039
6Y2E.A29Q_min.log,426,-5490.84,0.2438
6Y2E.A29R_min.log,364,-5489.87,1.2144
6Y2E.A29S_min.log,499,-5467.5,23.5831
6Y2E.A29T_min.log,494,-5493.22,2.1398
6Y2E.A29V_min.log,497,-5438.23,52.8506
6Y2E.A29W_min.log,498,-5432.8,58.28
6Y2E.A29Y_min.log,499,-5443.54,47.5454
6Y2E.A30A_min.log,497,-5429.31,61.774
6Y2E.A30C_min.log,495,-5433.53,57.5503
6Y2E.A30D_min.log,499,-5475.27,15.8176
6Y2E.A30E_min.log,498,-5453.42,37.6623
6Y2E.A30F_min.log,457,-5489.71,1.3768
6Y2E.A30G_min.log,499,-5435.19,55.8981
6Y2E.A30H_min.log,448,-5489.27,1.8146
6Y2E.A30I_min.log,497,-5423.04,68.0397
6Y2E.A30K_min.log,451,-5492.15,1.064
6Y2E.A30M_min.log,498,-5445.23,45.8511
6Y2E.A30N_min.log,486,-5491.11,0.026
6Y2E.A30P_min.log,481,-5491.76,0.6726
6Y2E.A30Q_min.log,499,-5487.9,3.1861
6Y2E.A30R_min.log,305,-5491.1,0.0197
6Y2E.A30S_min.log,498,-5423.75,67.3312
6Y2E.A30T_min.log,495,-5442.31,48.7686
6Y2E.A30V_min.log,471,-5490.58,0.4993
6Y2E.A30W_min.log,466,-5490.68,0.405
6Y2E.A30Y_min.log,499,-5454.48,36.6043
6Y2E.A31A_min.log,498,-5451.79,39.2885
6Y2E.A31C_min.log,499,-5452.52,38.5659
6Y2E.A31D_min.log,495,-5473.47,17.616
6Y2E.A31E_min.log,496,-5458.39,32.6949
6Y2E.A31F_min.log,498,-5448.82,42.2636
6Y2E.A31G_min.log,498,-5458.08,33.0023
6Y2E.A31H_min.log,498,-5464.42,26.6653
6Y2E.A31I_min.log,472,-5491.33,0.2462
6Y2E.A31K_min.log,499,-5478.04,13.0401
6Y2E.A31L_min.log,497,-5456.14,34.9461
6Y2E.A31M_min.log,430,-5491.06,0.02
6Y2E.A31N_min.log,475,-5490.75,0.3372
6Y2E.A31P_min.log,499,-5462.8,28.2815
6Y2E.A31Q_min.log,482,-5491.1,0.0136
6Y2E.A31R_min.log,301,-5492.7,1.6145
6Y2E.A31S_min.log,499,-5432.49,58.5895
6Y2E.A31T_min.log,498,-5460.21,30.8727
6Y2E.A31V_min.log,491,-5490.07,1.0108
6Y2E.A31Y_min.log,498,-5467.86,23.2246
6Y2E.A32A_min.log,499,-5426.33,64.757
6Y2E.A32C_min.log,498,-5433.23,57.8529
6Y2E.A32D_min.log,498,-5467.65,23.4344
6Y2E.A32E_min.log,458,-5491.05,0.0334
6Y2E.A32F_min.log,491,-5492.34,1.2582
6Y2E.A32G_min.log,497,-5433,58.0877
6Y2E.A32H_min.log,497,-5451.36,39.7205
6Y2E.A32I_min.log,499,-5434.18,56.905
6Y2E.A32K_min.log,429,-5490.61,0.4683
6Y2E.A32M_min.log,464,-5491.68,0.6018
6Y2E.A32N_min.log,489,-5491.07,0.0145
6Y2E.A32P_min.log,481,-5491.57,0.4898
6Y2E.A32Q_min.log,499,-5482.49,8.5976
6Y2E.A32R_min.log,315,-5489.73,1.3552
6Y2E.A32S_min.log,499,-5429.66,61.42
6Y2E.A32T_min.log,468,-5490.2,0.8833
6Y2E.A32V_min.log,498,-5429.4,61.6824
6Y2E.A32W_min.log,498,-5402.17,88.9147
6Y2E.A32Y_min.log,441,-5490.22,0.8587
